Ref,Val,Package,PosX,PosY,Rot,Side
"D1","1N4148","D_DO-35_SOD27_P7.62mm_Horizontal",176.262500,-160.188750,90.000000,bottom
"D2","1N4148","D_DO-35_SOD27_P7.62mm_Horizontal",195.312500,-160.188750,90.000000,bottom
"D3","1N4148","D_DO-35_SOD27_P7.62mm_Horizontal",214.362500,-160.188750,90.000000,bottom
"D4","1N4148","D_DO-35_SOD27_P7.62mm_Horizontal",233.412500,-160.188750,90.000000,bottom
"D5","1N4148","D_DO-35_SOD27_P7.62mm_Horizontal",252.462500,-160.188750,90.000000,bottom
"D6","1N4148","D_DO-35_SOD27_P7.62mm_Horizontal",271.512500,-160.188750,90.000000,bottom
"D7","1N4148","D_DO-35_SOD27_P7.62mm_Horizontal",290.562500,-160.188750,90.000000,bottom
"D8","1N4148","D_DO-35_SOD27_P7.62mm_Horizontal",309.612500,-160.188750,90.000000,bottom
"D9","1N4148","D_DO-35_SOD27_P7.62mm_Horizontal",328.662500,-160.188750,90.000000,bottom
"D10","1N4148","D_DO-35_SOD27_P7.62mm_Horizontal",347.712500,-160.188750,90.000000,bottom
"D11","1N4148","D_DO-35_SOD27_P7.62mm_Horizontal",366.762500,-160.188750,90.000000,bottom
"D12","1N4148","D_DO-35_SOD27_P7.62mm_Horizontal",385.812500,-160.188750,90.000000,bottom
"D13","1N4148","D_DO-35_SOD27_P7.62mm_Horizontal",404.862500,-160.188750,90.000000,bottom
"D14","1N4148","D_DO-35_SOD27_P7.62mm_Horizontal",433.437500,-160.188750,90.000000,bottom
"D15","1N4148","D_DO-35_SOD27_P7.62mm_Horizontal",181.025000,-180.063750,90.000000,bottom
"D16","1N4148","D_DO-35_SOD27_P7.62mm_Horizontal",204.837500,-180.063750,90.000000,bottom
"D17","1N4148","D_DO-35_SOD27_P7.62mm_Horizontal",223.887500,-180.063750,90.000000,bottom
"D18","1N4148","D_DO-35_SOD27_P7.62mm_Horizontal",242.937500,-180.063750,90.000000,bottom
"D19","1N4148","D_DO-35_SOD27_P7.62mm_Horizontal",261.987500,-180.063750,90.000000,bottom
"D20","1N4148","D_DO-35_SOD27_P7.62mm_Horizontal",281.037500,-180.063750,90.000000,bottom
"D21","1N4148","D_DO-35_SOD27_P7.62mm_Horizontal",300.087500,-180.063750,90.000000,bottom
"D22","1N4148","D_DO-35_SOD27_P7.62mm_Horizontal",319.137500,-180.063750,90.000000,bottom
"D23","1N4148","D_DO-35_SOD27_P7.62mm_Horizontal",338.187500,-180.063750,90.000000,bottom
"D24","1N4148","D_DO-35_SOD27_P7.62mm_Horizontal",357.237500,-180.063750,90.000000,bottom
"D25","1N4148","D_DO-35_SOD27_P7.62mm_Horizontal",376.287500,-180.063750,90.000000,bottom
"D26","1N4148","D_DO-35_SOD27_P7.62mm_Horizontal",395.337500,-180.063750,90.000000,bottom
"D27","1N4148","D_DO-35_SOD27_P7.62mm_Horizontal",414.387500,-180.063750,90.000000,bottom
"D28","1N4148","D_DO-35_SOD27_P7.62mm_Horizontal",438.200000,-180.063750,90.000000,bottom
"D29","1N4148","D_DO-35_SOD27_P7.62mm_Horizontal",183.723750,-199.113750,90.000000,bottom
"D30","1N4148","D_DO-35_SOD27_P7.62mm_Horizontal",209.917500,-199.113750,90.000000,bottom
"D31","1N4148","D_DO-35_SOD27_P7.62mm_Horizontal",228.967500,-199.113750,90.000000,bottom
"D32","1N4148","D_DO-35_SOD27_P7.62mm_Horizontal",248.017500,-199.113750,90.000000,bottom
"D33","1N4148","D_DO-35_SOD27_P7.62mm_Horizontal",267.067500,-199.113750,90.000000,bottom
"D34","1N4148","D_DO-35_SOD27_P7.62mm_Horizontal",286.117500,-199.113750,90.000000,bottom
"D35","1N4148","D_DO-35_SOD27_P7.62mm_Horizontal",305.167500,-199.113750,90.000000,bottom
"D36","1N4148","D_DO-35_SOD27_P7.62mm_Horizontal",324.217500,-199.113750,90.000000,bottom
"D37","1N4148","D_DO-35_SOD27_P7.62mm_Horizontal",343.267500,-199.113750,90.000000,bottom
"D38","1N4148","D_DO-35_SOD27_P7.62mm_Horizontal",362.317500,-199.113750,90.000000,bottom
"D39","1N4148","D_DO-35_SOD27_P7.62mm_Horizontal",381.367500,-199.113750,90.000000,bottom
"D40","1N4148","D_DO-35_SOD27_P7.62mm_Horizontal",400.417500,-199.113750,90.000000,bottom
"D41","1N4148","D_DO-35_SOD27_P7.62mm_Horizontal",431.373750,-199.113750,90.000000,bottom
"D42","1N4148","D_DO-35_SOD27_P7.62mm_Horizontal",185.787500,-218.291250,90.000000,bottom
"D43","1N4148","D_DO-35_SOD27_P7.62mm_Horizontal",214.362500,-218.291250,90.000000,bottom
"D44","1N4148","D_DO-35_SOD27_P7.62mm_Horizontal",233.412500,-218.291250,90.000000,bottom
"D45","1N4148","D_DO-35_SOD27_P7.62mm_Horizontal",252.462500,-218.291250,90.000000,bottom
"D46","1N4148","D_DO-35_SOD27_P7.62mm_Horizontal",271.512500,-218.291250,90.000000,bottom
"D47","1N4148","D_DO-35_SOD27_P7.62mm_Horizontal",290.562500,-218.291250,90.000000,bottom
"D48","1N4148","D_DO-35_SOD27_P7.62mm_Horizontal",309.612500,-218.291250,90.000000,bottom
"D49","1N4148","D_DO-35_SOD27_P7.62mm_Horizontal",328.662500,-218.291250,90.000000,bottom
"D50","1N4148","D_DO-35_SOD27_P7.62mm_Horizontal",347.712500,-218.291250,90.000000,bottom
"D51","1N4148","D_DO-35_SOD27_P7.62mm_Horizontal",366.762500,-218.291250,90.000000,bottom
"D52","1N4148","D_DO-35_SOD27_P7.62mm_Horizontal",385.812500,-218.291250,90.000000,bottom
"D53","1N4148","D_DO-35_SOD27_P7.62mm_Horizontal",404.862500,-218.291250,90.000000,bottom
"D54","1N4148","D_DO-35_SOD27_P7.62mm_Horizontal",423.912500,-218.291250,90.000000,bottom
"D55","1N4148","D_DO-35_SOD27_P7.62mm_Horizontal",442.962500,-218.291250,90.000000,bottom
"D56","1N4148","D_DO-35_SOD27_P7.62mm_Horizontal",178.961250,-237.213750,90.000000,bottom
"D57","1N4148","D_DO-35_SOD27_P7.62mm_Horizontal",202.773750,-237.213750,90.000000,bottom
"D58","1N4148","D_DO-35_SOD27_P7.62mm_Horizontal",226.586250,-237.213750,90.000000,bottom
"D59","1N4148","D_DO-35_SOD27_P7.62mm_Horizontal",298.023750,-237.213750,90.000000,bottom
"D60","1N4148","D_DO-35_SOD27_P7.62mm_Horizontal",367.080000,-237.213750,90.000000,bottom
"D61","1N4148","D_DO-35_SOD27_P7.62mm_Horizontal",386.130000,-237.213750,90.000000,bottom
"D62","1N4148","D_DO-35_SOD27_P7.62mm_Horizontal",405.180000,-237.213750,90.000000,bottom
"D63","1N4148","D_DO-35_SOD27_P7.62mm_Horizontal",424.230000,-237.213750,90.000000,bottom
"D64","1N4148","D_DO-35_SOD27_P7.62mm_Horizontal",443.280000,-237.213750,90.000000,bottom
"D65","SK6812MINI-E","LED_SK6812MINI-E_3.2x2.8mm_P1.5mm_ReverseMount",434.231250,-236.309375,180.000000,bottom
"D66","SK6812MINI-E","LED_SK6812MINI-E_3.2x2.8mm_P1.5mm_ReverseMount",415.181250,-236.309375,180.000000,bottom
"D67","SK6812MINI-E","LED_SK6812MINI-E_3.2x2.8mm_P1.5mm_ReverseMount",396.131250,-236.309375,180.000000,bottom
"D68","SK6812MINI-E","LED_SK6812MINI-E_3.2x2.8mm_P1.5mm_ReverseMount",377.081250,-236.309375,180.000000,bottom
"D69","SK6812MINI-E","LED_SK6812MINI-E_3.2x2.8mm_P1.5mm_ReverseMount",358.031250,-236.309375,180.000000,bottom
"D70","SK6812MINI-E","LED_SK6812MINI-E_3.2x2.8mm_P1.5mm_ReverseMount",288.975000,-236.309375,180.000000,bottom
"D71","SK6812MINI-E","LED_SK6812MINI-E_3.2x2.8mm_P1.5mm_ReverseMount",217.537500,-236.309375,180.000000,bottom
"D72","SK6812MINI-E","LED_SK6812MINI-E_3.2x2.8mm_P1.5mm_ReverseMount",193.725000,-236.309375,180.000000,bottom
"D73","SK6812MINI-E","LED_SK6812MINI-E_3.2x2.8mm_P1.5mm_ReverseMount",169.912500,-236.309375,180.000000,bottom
"D74","SK6812MINI-E","LED_SK6812MINI-E_3.2x2.8mm_P1.5mm_ReverseMount",434.231250,-217.259375,180.000000,bottom
"D75","SK6812MINI-E","LED_SK6812MINI-E_3.2x2.8mm_P1.5mm_ReverseMount",415.181250,-217.259375,180.000000,bottom
"D76","SK6812MINI-E","LED_SK6812MINI-E_3.2x2.8mm_P1.5mm_ReverseMount",396.131250,-217.259375,180.000000,bottom
"D77","SK6812MINI-E","LED_SK6812MINI-E_3.2x2.8mm_P1.5mm_ReverseMount",377.081250,-217.259375,180.000000,bottom
"D78","SK6812MINI-E","LED_SK6812MINI-E_3.2x2.8mm_P1.5mm_ReverseMount",358.031250,-217.259375,180.000000,bottom
"D79","SK6812MINI-E","LED_SK6812MINI-E_3.2x2.8mm_P1.5mm_ReverseMount",338.981250,-217.259375,180.000000,bottom
"D80","SK6812MINI-E","LED_SK6812MINI-E_3.2x2.8mm_P1.5mm_ReverseMount",319.931250,-217.259375,180.000000,bottom
"D81","SK6812MINI-E","LED_SK6812MINI-E_3.2x2.8mm_P1.5mm_ReverseMount",300.881250,-217.259375,180.000000,bottom
"D82","SK6812MINI-E","LED_SK6812MINI-E_3.2x2.8mm_P1.5mm_ReverseMount",281.831250,-217.259375,180.000000,bottom
"D83","SK6812MINI-E","LED_SK6812MINI-E_3.2x2.8mm_P1.5mm_ReverseMount",262.781250,-217.259375,180.000000,bottom
"D84","SK6812MINI-E","LED_SK6812MINI-E_3.2x2.8mm_P1.5mm_ReverseMount",243.731250,-217.259375,180.000000,bottom
"D85","SK6812MINI-E","LED_SK6812MINI-E_3.2x2.8mm_P1.5mm_ReverseMount",224.681250,-217.259375,180.000000,bottom
"D86","SK6812MINI-E","LED_SK6812MINI-E_3.2x2.8mm_P1.5mm_ReverseMount",205.631250,-217.259375,180.000000,bottom
"D87","SK6812MINI-E","LED_SK6812MINI-E_3.2x2.8mm_P1.5mm_ReverseMount",177.056250,-217.259375,180.000000,bottom
"D88","SK6812MINI-E","LED_SK6812MINI-E_3.2x2.8mm_P1.5mm_ReverseMount",422.325000,-198.209375,180.000000,bottom
"D89","SK6812MINI-E","LED_SK6812MINI-E_3.2x2.8mm_P1.5mm_ReverseMount",391.368750,-198.209375,180.000000,bottom
"D90","SK6812MINI-E","LED_SK6812MINI-E_3.2x2.8mm_P1.5mm_ReverseMount",372.318750,-198.209375,180.000000,bottom
"D91","SK6812MINI-E","LED_SK6812MINI-E_3.2x2.8mm_P1.5mm_ReverseMount",353.268750,-198.209375,180.000000,bottom
"D92","SK6812MINI-E","LED_SK6812MINI-E_3.2x2.8mm_P1.5mm_ReverseMount",334.218750,-198.209375,180.000000,bottom
"D93","SK6812MINI-E","LED_SK6812MINI-E_3.2x2.8mm_P1.5mm_ReverseMount",315.168750,-198.209375,180.000000,bottom
"D94","SK6812MINI-E","LED_SK6812MINI-E_3.2x2.8mm_P1.5mm_ReverseMount",296.118750,-198.209375,180.000000,bottom
"D95","SK6812MINI-E","LED_SK6812MINI-E_3.2x2.8mm_P1.5mm_ReverseMount",277.068750,-198.209375,180.000000,bottom
"D96","SK6812MINI-E","LED_SK6812MINI-E_3.2x2.8mm_P1.5mm_ReverseMount",258.018750,-198.209375,180.000000,bottom
"D97","SK6812MINI-E","LED_SK6812MINI-E_3.2x2.8mm_P1.5mm_ReverseMount",238.968750,-198.209375,180.000000,bottom
"D98","SK6812MINI-E","LED_SK6812MINI-E_3.2x2.8mm_P1.5mm_ReverseMount",219.918750,-198.209375,180.000000,bottom
"D99","SK6812MINI-E","LED_SK6812MINI-E_3.2x2.8mm_P1.5mm_ReverseMount",200.868750,-198.209375,180.000000,bottom
"D100","SK6812MINI-E","LED_SK6812MINI-E_3.2x2.8mm_P1.5mm_ReverseMount",174.675000,-198.209375,180.000000,bottom
"D101","SK6812MINI-E","LED_SK6812MINI-E_3.2x2.8mm_P1.5mm_ReverseMount",429.468750,-179.159375,180.000000,bottom
"D102","SK6812MINI-E","LED_SK6812MINI-E_3.2x2.8mm_P1.5mm_ReverseMount",405.656250,-179.159375,180.000000,bottom
"D103","SK6812MINI-E","LED_SK6812MINI-E_3.2x2.8mm_P1.5mm_ReverseMount",386.606250,-179.159375,180.000000,bottom
"D104","SK6812MINI-E","LED_SK6812MINI-E_3.2x2.8mm_P1.5mm_ReverseMount",367.556250,-179.159375,180.000000,bottom
"D105","SK6812MINI-E","LED_SK6812MINI-E_3.2x2.8mm_P1.5mm_ReverseMount",348.506250,-179.159375,180.000000,bottom
"D106","SK6812MINI-E","LED_SK6812MINI-E_3.2x2.8mm_P1.5mm_ReverseMount",329.456250,-179.159375,180.000000,bottom
"D107","SK6812MINI-E","LED_SK6812MINI-E_3.2x2.8mm_P1.5mm_ReverseMount",310.406250,-179.159375,180.000000,bottom
"D108","SK6812MINI-E","LED_SK6812MINI-E_3.2x2.8mm_P1.5mm_ReverseMount",291.356250,-179.159375,180.000000,bottom
"D109","SK6812MINI-E","LED_SK6812MINI-E_3.2x2.8mm_P1.5mm_ReverseMount",272.306250,-179.159375,180.000000,bottom
"D110","SK6812MINI-E","LED_SK6812MINI-E_3.2x2.8mm_P1.5mm_ReverseMount",253.256250,-179.159375,180.000000,bottom
"D111","SK6812MINI-E","LED_SK6812MINI-E_3.2x2.8mm_P1.5mm_ReverseMount",234.206250,-179.159375,180.000000,bottom
"D112","SK6812MINI-E","LED_SK6812MINI-E_3.2x2.8mm_P1.5mm_ReverseMount",215.156250,-179.159375,180.000000,bottom
"D113","SK6812MINI-E","LED_SK6812MINI-E_3.2x2.8mm_P1.5mm_ReverseMount",196.106250,-179.159375,180.000000,bottom
"D114","SK6812MINI-E","LED_SK6812MINI-E_3.2x2.8mm_P1.5mm_ReverseMount",172.293750,-179.159375,180.000000,bottom
"D115","SK6812MINI-E","LED_SK6812MINI-E_3.2x2.8mm_P1.5mm_ReverseMount",424.706250,-160.109375,180.000000,bottom
"D116","SK6812MINI-E","LED_SK6812MINI-E_3.2x2.8mm_P1.5mm_ReverseMount",396.131250,-160.109375,180.000000,bottom
"D117","SK6812MINI-E","LED_SK6812MINI-E_3.2x2.8mm_P1.5mm_ReverseMount",377.081250,-160.109375,180.000000,bottom
"D118","SK6812MINI-E","LED_SK6812MINI-E_3.2x2.8mm_P1.5mm_ReverseMount",358.031250,-160.109375,180.000000,bottom
"D119","SK6812MINI-E","LED_SK6812MINI-E_3.2x2.8mm_P1.5mm_ReverseMount",338.981250,-160.109375,180.000000,bottom
"D120","SK6812MINI-E","LED_SK6812MINI-E_3.2x2.8mm_P1.5mm_ReverseMount",319.931250,-160.109375,180.000000,bottom
"D121","SK6812MINI-E","LED_SK6812MINI-E_3.2x2.8mm_P1.5mm_ReverseMount",300.881250,-160.109375,180.000000,bottom
"D122","SK6812MINI-E","LED_SK6812MINI-E_3.2x2.8mm_P1.5mm_ReverseMount",281.831250,-160.109375,180.000000,bottom
"D123","SK6812MINI-E","LED_SK6812MINI-E_3.2x2.8mm_P1.5mm_ReverseMount",262.781250,-160.109375,180.000000,bottom
"D124","SK6812MINI-E","LED_SK6812MINI-E_3.2x2.8mm_P1.5mm_ReverseMount",243.731250,-160.109375,180.000000,bottom
"D125","SK6812MINI-E","LED_SK6812MINI-E_3.2x2.8mm_P1.5mm_ReverseMount",224.681250,-160.109375,180.000000,bottom
"D126","SK6812MINI-E","LED_SK6812MINI-E_3.2x2.8mm_P1.5mm_ReverseMount",205.631250,-160.109375,180.000000,bottom
"D127","SK6812MINI-E","LED_SK6812MINI-E_3.2x2.8mm_P1.5mm_ReverseMount",186.581250,-160.109375,180.000000,bottom
"D128","SK6812MINI-E","LED_SK6812MINI-E_3.2x2.8mm_P1.5mm_ReverseMount",167.531250,-160.109375,180.000000,bottom
"A1","RaspberryPi_Pico","RaspberryPi_Pico_Common_THT",457.646875,-120.818750,-90.000000,top
"D129","SK6812MINI-E","LED_SK6812MINI-E_3.2x2.8mm_P1.5mm_ReverseMount",152.846875,-149.790625,0.000000,top
"D130","SK6812MINI-E","LED_SK6812MINI-E_3.2x2.8mm_P1.5mm_ReverseMount",152.846875,-182.334375,0.000000,top
"D131","SK6812MINI-E","LED_SK6812MINI-E_3.2x2.8mm_P1.5mm_ReverseMount",152.900000,-215.628125,0.000000,top
"D132","SK6812MINI-E","LED_SK6812MINI-E_3.2x2.8mm_P1.5mm_ReverseMount",153.243750,-245.437500,0.000000,top
"D133","SK6812MINI-E","LED_SK6812MINI-E_3.2x2.8mm_P1.5mm_ReverseMount",197.693750,-245.437500,0.000000,top
"D134","SK6812MINI-E","LED_SK6812MINI-E_3.2x2.8mm_P1.5mm_ReverseMount",249.737500,-245.437500,0.000000,top
"D135","SK6812MINI-E","LED_SK6812MINI-E_3.2x2.8mm_P1.5mm_ReverseMount",298.896875,-245.437500,0.000000,top
"D136","SK6812MINI-E","LED_SK6812MINI-E_3.2x2.8mm_P1.5mm_ReverseMount",354.459375,-245.437500,0.000000,top
"D137","SK6812MINI-E","LED_SK6812MINI-E_3.2x2.8mm_P1.5mm_ReverseMount",405.656250,-245.437500,0.000000,top
"D138","SK6812MINI-E","LED_SK6812MINI-E_3.2x2.8mm_P1.5mm_ReverseMount",452.884375,-245.437500,0.000000,top
"D139","SK6812MINI-E","LED_SK6812MINI-E_3.2x2.8mm_P1.5mm_ReverseMount",452.884375,-214.084375,0.000000,top
"D140","SK6812MINI-E","LED_SK6812MINI-E_3.2x2.8mm_P1.5mm_ReverseMount",452.884375,-181.143750,0.000000,top
"D141","SK6812MINI-E","LED_SK6812MINI-E_3.2x2.8mm_P1.5mm_ReverseMount",452.884375,-152.568750,0.000000,top
"H1","MountingHole","MountingHole_3.2mm_M3",152.846875,-141.853125,0.000000,top
"H2","MountingHole","MountingHole_3.2mm_M3",152.450000,-197.812500,0.000000,top
"H3","MountingHole","MountingHole_3.2mm_M3",152.450000,-236.706250,0.000000,top
"H4","MountingHole","MountingHole_3.2mm_M3",234.603125,-247.421875,0.000000,top
"H5","MountingHole","MountingHole_3.2mm_M3",381.446875,-247.421875,0.000000,top
"H6","MountingHole","MountingHole_3.2mm_M3",452.090625,-233.531250,0.000000,top
"H7","MountingHole","MountingHole_3.2mm_M3",452.090625,-195.431250,0.000000,top
"H8","MountingHole","MountingHole_3.2mm_M3",451.693750,-162.093750,0.000000,top
"S1","MX_stab Space","STAB_MX_6.25u",288.975000,-231.626250,0.000000,top
"S2","MX_stab enter","STAB_MX_2.25u",422.325000,-193.526250,0.000000,top
"S3","MX_stab l shift","STAB_MX_2u",177.056250,-212.576250,0.000000,top
"S4","MX_stab backspace","STAB_MX_2u",424.706250,-155.426250,0.000000,top
"SW1","ESc","SW_Hotswap_Kailh_MX_1.00u_No_silk",167.531250,-155.426250,0.000000,top
"SW2","1","SW_Hotswap_Kailh_MX_1.00u_No_silk",186.581250,-155.426250,0.000000,top
"SW3","2","SW_Hotswap_Kailh_MX_1.00u_No_silk",205.631250,-155.426250,0.000000,top
"SW4","3","SW_Hotswap_Kailh_MX_1.00u_No_silk",224.681250,-155.426250,0.000000,top
"SW5","4","SW_Hotswap_Kailh_MX_1.00u_No_silk",243.731250,-155.426250,0.000000,top
"SW6","5","SW_Hotswap_Kailh_MX_1.00u_No_silk",262.781250,-155.426250,0.000000,top
"SW7","6","SW_Hotswap_Kailh_MX_1.00u_No_silk",281.831250,-155.426250,0.000000,top
"SW8","7","SW_Hotswap_Kailh_MX_1.00u_No_silk",300.881250,-155.426250,0.000000,top
"SW9","8","SW_Hotswap_Kailh_MX_1.00u_No_silk",319.931250,-155.426250,0.000000,top
"SW10","9","SW_Hotswap_Kailh_MX_1.00u_No_silk",338.981250,-155.426250,0.000000,top
"SW11","0","SW_Hotswap_Kailh_MX_1.00u_No_silk",358.031250,-155.426250,0.000000,top
"SW12","-","SW_Hotswap_Kailh_MX_1.00u_No_silk",377.081250,-155.426250,0.000000,top
"SW13","=","SW_Hotswap_Kailh_MX_1.00u_No_silk",396.131250,-155.426250,0.000000,top
"SW14","BACKSPACE","SW_Hotswap_Kailh_MX_1.00u_No_silk",424.706250,-155.426250,0.000000,top
"SW15","TAB","SW_Hotswap_Kailh_MX_1.00u_No_silk",172.293750,-174.476250,0.000000,top
"SW16","Q","SW_Hotswap_Kailh_MX_1.00u_No_silk",196.106250,-174.476250,0.000000,top
"SW17","W","SW_Hotswap_Kailh_MX_1.00u_No_silk",215.156250,-174.476250,0.000000,top
"SW18","E","SW_Hotswap_Kailh_MX_1.00u_No_silk",234.206250,-174.476250,0.000000,top
"SW19","R","SW_Hotswap_Kailh_MX_1.00u_No_silk",253.256250,-174.476250,0.000000,top
"SW20","T","SW_Hotswap_Kailh_MX_1.00u_No_silk",272.306250,-174.476250,0.000000,top
"SW21","Y","SW_Hotswap_Kailh_MX_1.00u_No_silk",291.356250,-174.476250,0.000000,top
"SW22","U","SW_Hotswap_Kailh_MX_1.00u_No_silk",310.406250,-174.476250,0.000000,top
"SW23","I","SW_Hotswap_Kailh_MX_1.00u_No_silk",329.456250,-174.476250,0.000000,top
"SW24","O","SW_Hotswap_Kailh_MX_1.00u_No_silk",348.506250,-174.476250,0.000000,top
"SW25","P","SW_Hotswap_Kailh_MX_1.00u_No_silk",367.556250,-174.476250,0.000000,top
"SW26","[","SW_Hotswap_Kailh_MX_1.00u_No_silk",386.606250,-174.476250,0.000000,top
"SW27","]","SW_Hotswap_Kailh_MX_1.00u_No_silk",405.656250,-174.476250,0.000000,top
"SW28","\","SW_Hotswap_Kailh_MX_1.00u_No_silk",429.468750,-174.476250,0.000000,top
"SW29","CAPS","SW_Hotswap_Kailh_MX_1.00u_No_silk",174.675000,-193.526250,0.000000,top
"SW30","A","SW_Hotswap_Kailh_MX_1.00u_No_silk",200.868750,-193.526250,0.000000,top
"SW31","S","SW_Hotswap_Kailh_MX_1.00u_No_silk",219.918750,-193.526250,0.000000,top
"SW32","D","SW_Hotswap_Kailh_MX_1.00u_No_silk",238.968750,-193.526250,0.000000,top
"SW33","F","SW_Hotswap_Kailh_MX_1.00u_No_silk",258.018750,-193.526250,0.000000,top
"SW34","G","SW_Hotswap_Kailh_MX_1.00u_No_silk",277.068750,-193.526250,0.000000,top
"SW35","H","SW_Hotswap_Kailh_MX_1.00u_No_silk",296.118750,-193.526250,0.000000,top
"SW36","J","SW_Hotswap_Kailh_MX_1.00u_No_silk",315.168750,-193.526250,0.000000,top
"SW37","K","SW_Hotswap_Kailh_MX_1.00u_No_silk",334.218750,-193.526250,0.000000,top
"SW38","L","SW_Hotswap_Kailh_MX_1.00u_No_silk",353.268750,-193.526250,0.000000,top
"SW39",";","SW_Hotswap_Kailh_MX_1.00u_No_silk",372.318750,-193.526250,0.000000,top
"SW40","'","SW_Hotswap_Kailh_MX_1.00u_No_silk",391.368750,-193.526250,0.000000,top
"SW41","ENTER","SW_Hotswap_Kailh_MX_1.00u_No_silk",422.325000,-193.526250,0.000000,top
"SW42","SHIFT","SW_Hotswap_Kailh_MX_1.00u_No_silk",177.056250,-212.576250,0.000000,top
"SW43","Z","SW_Hotswap_Kailh_MX_1.00u_No_silk",205.631250,-212.576250,0.000000,top
"SW44","X","SW_Hotswap_Kailh_MX_1.00u_No_silk",224.681250,-212.576250,0.000000,top
"SW45","C","SW_Hotswap_Kailh_MX_1.00u_No_silk",243.731250,-212.576250,0.000000,top
"SW46","V","SW_Hotswap_Kailh_MX_1.00u_No_silk",262.781250,-212.576250,0.000000,top
"SW47","B","SW_Hotswap_Kailh_MX_1.00u_No_silk",281.831250,-212.576250,0.000000,top
"SW48","N","SW_Hotswap_Kailh_MX_1.00u_No_silk",300.881250,-212.576250,0.000000,top
"SW49","M","SW_Hotswap_Kailh_MX_1.00u_No_silk",319.931250,-212.576250,0.000000,top
"SW50",",","SW_Hotswap_Kailh_MX_1.00u_No_silk",338.981250,-212.576250,0.000000,top
"SW51",".","SW_Hotswap_Kailh_MX_1.00u_No_silk",358.031250,-212.576250,0.000000,top
"SW52","(/)","SW_Hotswap_Kailh_MX_1.00u_No_silk",377.081250,-212.576250,0.000000,top
"SW53","R SHIFT","SW_Hotswap_Kailh_MX_1.00u_No_silk",396.131250,-212.576250,0.000000,top
"SW54","UP","SW_Hotswap_Kailh_MX_1.00u_No_silk",415.181250,-212.576250,0.000000,top
"SW55","DEL","SW_Hotswap_Kailh_MX_1.00u_No_silk",434.231250,-212.576250,0.000000,top
"SW56","CTRL","SW_Hotswap_Kailh_MX_1.00u_No_silk",169.912500,-231.626250,0.000000,top
"SW57","WIN","SW_Hotswap_Kailh_MX_1.00u_No_silk",193.725000,-231.626250,0.000000,top
"SW58","ALT","SW_Hotswap_Kailh_MX_1.00u_No_silk",217.537500,-231.626250,0.000000,top
"SW59","SPACE","SW_Hotswap_Kailh_MX_1.00u_No_silk",288.975000,-231.626250,0.000000,top
"SW60","R ALT","SW_Hotswap_Kailh_MX_1.00u_No_silk",358.031250,-231.626250,0.000000,top
"SW61","FN","SW_Hotswap_Kailh_MX_1.00u_No_silk",377.081250,-231.626250,0.000000,top
"SW62","LEFT","SW_Hotswap_Kailh_MX_1.00u_No_silk",396.131250,-231.626250,0.000000,top
"SW63","DOWN","SW_Hotswap_Kailh_MX_1.00u_No_silk",415.181250,-231.626250,0.000000,top
"SW64","RIGHT","SW_Hotswap_Kailh_MX_1.00u_No_silk",434.231250,-231.626250,0.000000,top
